lineage,mutation_name,prevalence
B.1.1.7,241T,97.34
B.1.1.7,913T,98.75
B.1.1.7,3037T,99.74
B.1.1.7,3267T,99.16
B.1.1.7,5388A,98.56
B.1.1.7,5986T,97.39
B.1.1.7,6954C,96.16
B.1.1.7,14408T,99.23
B.1.1.7,14676T,98.13
B.1.1.7,15279T,97.68
B.1.1.7,16176C,99.44
B.1.1.7,23063T,95.62
B.1.1.7,23271A,98.87
B.1.1.7,23403G,99.25
B.1.1.7,23604A,98.99
B.1.1.7,23709T,96.31
B.1.1.7,24506G,96.51
B.1.1.7,24914C,99.14
B.1.1.7,27972T,98.65
B.1.1.7,28048T,98.45
B.1.1.7,28111G,98.99
B.1.1.7,28280C,97.97
B.1.1.7,28281T,97.95
B.1.1.7,28282A,98.18
B.1.1.7,28881A,98.71
B.1.1.7,28882A,98.59
B.1.1.7,28883C,98.72
B.1.1.7,28977T,98.78
B.1.351,241T,98.69
B.1.351,1059T,99.14
B.1.351,3037T,99.66
B.1.351,5230T,93.63
B.1.351,10323G,95.43
B.1.351,21801C,95.43
B.1.351,22206G,94.38
B.1.351,22813T,94.04
B.1.351,23403G,98.91
B.1.351,23664T,90.81
B.1.351,25563T,97.19
B.1.351,25904T,93.89
B.1.351,26456T,95.13
B.1.351,28887T,98.05
P.1,241T,98.87
P.1,733C,99.47
P.1,2749T,92.16
P.1,3037T,99.48
P.1,3828T,99.04
P.1,5648C,99.38
P.1,6319G,98.11
P.1,6613G,98.95
P.1,12778T,99.34
P.1,13860T,99.28
P.1,14408T,99.64
P.1,17259T,99.39
P.1,21614T,97.80
P.1,21621A,97.99
P.1,21638T,98.06
P.1,21974T,98.44
P.1,22132T,90.86
P.1,22812C,98.16
P.1,23012A,95.87
P.1,23063T,96.39
P.1,23403G,99.77
P.1,23525T,98.20
P.1,24642T,92.99
P.1,25088T,97.41
P.1,26149C,99.04
P.1,28167A,99.24
P.1,28512G,99.23
P.1,28877T,95.72
P.1,28878C,93.41
P.1,28881A,93.88
P.1,28882A,93.89
P.1,28883C,94.03
B.1.427_and_B.1.429,241T,98.47
B.1.427_and_B.1.429,1059T,99.50
B.1.427_and_B.1.429,2395T,97.42
B.1.427_and_B.1.429,2597C,94.24
B.1.427_and_B.1.429,3037T,99.51
B.1.427_and_B.1.429,8947T,92.99
B.1.427_and_B.1.429,9738C,97.14
B.1.427_and_B.1.429,12100T,93.44
B.1.427_and_B.1.429,12878G,97.77
B.1.427_and_B.1.429,13713A,97.03
B.1.427_and_B.1.429,14408T,94.50
B.1.427_and_B.1.429,16394T,96.92
B.1.427_and_B.1.429,17014T,97.42
B.1.427_and_B.1.429,21600T,95.38
B.1.427_and_B.1.429,22018T,96.12
B.1.427_and_B.1.429,22917G,96.21
B.1.427_and_B.1.429,23403G,99.66
B.1.427_and_B.1.429,24349C,94.86
B.1.427_and_B.1.429,25563T,99.33
B.1.427_and_B.1.429,26681T,98.73
B.1.427_and_B.1.429,27890T,96.67
B.1.427_and_B.1.429,28272T,99.23
B.1.427_and_B.1.429,28887T,98.15
B.1.617.X,210T,98.30
B.1.617.X,241T,98.91
B.1.617.X,3037T,99.77
B.1.617.X,14408T,99.56
B.1.617.X,21618G,91.39
B.1.617.X,22917G,96.47
B.1.617.X,22995A,90.58
B.1.617.X,23403G,99.64
B.1.617.X,23604G,98.91
B.1.617.X,24410A,90.93
B.1.617.X,25469T,99.47
B.1.617.X,26767C,93.32
B.1.617.X,27638C,92.35
B.1.617.X,28461G,92.28
B.1.617.X,28881T,98.65
B.1.617.X,29402T,95.19
B.1.525,241T,99.44
B.1.525,1498T,99.44
B.1.525,2659A,98.46
B.1.525,3037T,99.87
B.1.525,6285T,98.97
B.1.525,8593C,99.06
B.1.525,9565T,98.33
B.1.525,14407T,99.49
B.1.525,14408T,99.70
B.1.525,18171T,99.49
B.1.525,20724G,98.33
B.1.525,21717G,99.10
B.1.525,21762T,99.57
B.1.525,23012A,98.97
B.1.525,23403G,99.83
B.1.525,23593C,99.57
B.1.525,24224C,97.77
B.1.525,24748T,99.79
B.1.525,26305T,97.81
B.1.525,26767C,99.91
B.1.525,28308G,99.18
B.1.526,241T,98.75
B.1.526,1059T,99.24
B.1.526,3037T,99.80
B.1.526,9867C,99.26
B.1.526,14408T,99.45
B.1.526,23403G,99.57
B.1.526,25517T,97.85
B.1.526,25563T,99.39
B.1.526,27925T,97.01
C.37,241T,98.83
C.37,3037T,100.00
C.37,4002T,97.65
C.37,7124T,96.09
C.37,7424G,98.17
C.37,9857T,97.65
C.37,9867C,98.57
C.37,10029T,98.83
C.37,10097A,97.65
C.37,13536T,97.91
C.37,14408T,99.61
C.37,21786T,91.79
C.37,21789T,93.74
C.37,22917A,97.65
C.37,23031C,97.52
C.37,23403G,99.35
C.37,23731T,94.52
C.37,24138A,95.18
C.37,28271T,98.57
C.37,28311T,98.31
C.37,28881A,99.22
C.37,28882A,98.31
C.37,28883C,99.22
C.37,28913T,98.57
C.37,29311T,98.04
P.3,241T,100.00
P.3,3037T,100.00
P.3,4926G,100.00
P.3,7564A,100.00
P.3,8139T,100.00
P.3,9203A,100.00
P.3,9867C,92.86
P.3,11308A,100.00
P.3,12049T,100.00
P.3,12053T,100.00
P.3,14408T,100.00
P.3,17074T,92.86
P.3,17339T,100.00
P.3,23012A,100.00
P.3,23063T,100.00
P.3,23341C,100.00
P.3,23403G,100.00
P.3,23604A,100.00
P.3,24187A,100.00
P.3,24836A,100.00
P.3,24863T,100.00
P.3,25088T,100.00
P.3,27897C,100.00
P.3,28881A,100.00
P.3,28882A,100.00
P.3,28883C,100.00
P.3,29724T,100.00
P.2,100T,93.88
P.2,241T,98.76
P.2,3037T,99.72
P.2,10667G,98.49
P.2,11824T,98.28
P.2,12053T,98.90
P.2,12964G,95.12
P.2,14408T,99.59
P.2,23012A,97.52
P.2,23403G,99.93
P.2,25088T,98.56
P.2,28628T,96.91
P.2,28881A,98.07
P.2,28882A,98.21
P.2,28883C,98.21
P.2,28975T,98.69
P.2,29754T,91.95
A.2.5,275T,97.75
A.2.5,1567T,97.42
A.2.5,4543T,96.67
A.2.5,5234G,92.49
A.2.5,5488G,95.39
A.2.5,9477A,99.36
A.2.5,10029T,99.57
A.2.5,11005A,96.24
A.2.5,12815T,98.71
A.2.5,14805T,97.53
A.2.5,16466T,98.71
A.2.5,16857C,97.32
A.2.5,18417C,97.85
A.2.5,23403G,94.85
A.2.5,24697A,98.50
A.2.5,25613T,98.50
A.2.5,25979T,96.46
A.2.5,26681T,99.25
A.2.5,28144C,98.93
A.2.5,28272T,98.93
A.2.5,28657T,98.93
A.2.5,28863T,98.50
A.2.5,28975T,97.85
B.1.1.318,241T,98.34
B.1.1.318,3037T,99.88
B.1.1.318,3852T,91.21
B.1.1.318,3961T,99.05
B.1.1.318,7798T,97.39
B.1.1.318,9072T,99.29
B.1.1.318,9891T,99.17
B.1.1.318,10116T,98.93
B.1.1.318,14408T,99.88
B.1.1.318,20578A,91.81
B.1.1.318,21846T,99.52
B.1.1.318,23012A,97.62
B.1.1.318,23287C,98.69
B.1.1.318,23403G,99.76
B.1.1.318,23604A,99.52
B.1.1.318,23948C,97.03
B.1.1.318,24382T,97.62
B.1.1.318,25276A,98.81
B.1.1.318,26767C,99.17
B.1.1.318,28209T,97.51
B.1.1.318,28271G,98.10
B.1.1.318,28881A,92.28
B.1.1.318,28883C,91.09
B.1.1.519,203T,96.83
B.1.1.519,222T,96.88
B.1.1.519,241T,97.82
B.1.1.519,3037T,99.82
B.1.1.519,3140T,99.33
B.1.1.519,10029T,99.42
B.1.1.519,10954T,99.04
B.1.1.519,11117G,99.26
B.1.1.519,12789T,96.15
B.1.1.519,14408T,99.48
B.1.1.519,19839C,98.39
B.1.1.519,21306T,91.99
B.1.1.519,22995A,94.64
B.1.1.519,23403G,99.66
B.1.1.519,23604A,99.97
B.1.1.519,23756G,99.69
B.1.1.519,28881A,99.97
B.1.1.519,28882A,99.83
B.1.1.519,28883C,100.00
B.1.1.519,29197T,98.98
B.1.466.2,241T,100.00
B.1.466.2,683T,100.00
B.1.466.2,3037T,100.00
B.1.466.2,3096T,100.00
B.1.466.2,3766C,100.00
B.1.466.2,3768T,100.00
B.1.466.2,5184T,100.00
B.1.466.2,8576G,100.00
B.1.466.2,11195T,100.00
B.1.466.2,12880T,100.00
B.1.466.2,14408T,100.00
B.1.466.2,17012T,100.00
B.1.466.2,18877T,100.00
B.1.466.2,22219C,100.00
B.1.466.2,22879A,100.00
B.1.466.2,23403G,100.00
B.1.466.2,23604G,100.00
B.1.466.2,25563T,100.00
B.1.466.2,26735T,100.00
B.1.466.2,28887T,100.00
B.1.466.2,29718T,100.00
B.1.466.2,29743T,100.00
B.1.621,241T,99.39
B.1.621,3037T,99.39
B.1.621,3428G,99.39
B.1.621,4878T,98.77
B.1.621,6037T,92.33
B.1.621,10029T,99.69
B.1.621,11451G,99.39
B.1.621,13057T,99.69
B.1.621,14408T,100.00
B.1.621,17491T,98.77
B.1.621,18877T,99.39
B.1.621,19035C,99.39
B.1.621,21846T,95.40
B.1.621,22599A,100.00
B.1.621,23012A,93.56
B.1.621,23063T,95.09
B.1.621,23403G,100.00
B.1.621,23604A,99.08
B.1.621,25563T,99.69
B.1.621,26492T,95.71
B.1.621,27925A,95.71
B.1.621,28005T,96.32
B.1.621,28272T,100.00
B.1.621,28887T,100.00
B.1.214.2,805T,92.50
B.1.214.2,2485T,97.50
B.1.214.2,3037T,100.00
B.1.214.2,4457G,97.50
B.1.214.2,4891T,90.00
B.1.214.2,5907T,95.00
B.1.214.2,11950T,92.50
B.1.214.2,13176T,90.00
B.1.214.2,14408T,100.00
B.1.214.2,15324T,90.00
B.1.214.2,23403G,100.00
B.1.214.2,23709T,95.00
B.1.214.2,27384C,95.00
B.1.214.2,28432T,92.50
B.1.214.2,28846T,95.00
B.1.214.2,28887T,97.50
AV.1,241T,93.01
AV.1,313T,92.31
AV.1,489G,93.01
AV.1,772C,100.00
AV.1,1820A,100.00
AV.1,2037T,97.90
AV.1,3037T,100.00
AV.1,3743T,99.30
AV.1,5184T,100.00
AV.1,5499T,94.41
AV.1,6628T,93.71
AV.1,7479G,100.00
AV.1,9891T,100.00
AV.1,11503C,99.30
AV.1,14259C,93.71
AV.1,14408T,99.30
AV.1,14740G,100.00
AV.1,17678T,94.41
AV.1,18395T,100.00
AV.1,21801G,100.00
AV.1,21846T,100.00
AV.1,21987A,99.30
AV.1,22687T,90.91
AV.1,23012A,91.61
AV.1,23403G,100.00
AV.1,23604A,100.00
AV.1,24950G,100.00
AV.1,24977C,97.20
AV.1,26709A,99.30
AV.1,26895T,98.60
AV.1,27297T,99.30
AV.1,28742G,100.00
AV.1,28744T,100.00
AV.1,28881A,100.00
AV.1,28882A,99.30
AV.1,28883C,100.00
AT.1,241T,99.17
AT.1,1392T,98.33
AT.1,3281T,95.00
AT.1,5176G,98.33
AT.1,7005A,95.00
AT.1,9070C,100.00
AT.1,9778T,99.17
AT.1,10029T,99.17
AT.1,11451G,99.17
AT.1,12620A,99.17
AT.1,14408T,97.50
AT.1,16985A,99.17
AT.1,17562T,98.33
AT.1,19180T,100.00
AT.1,20759T,96.67
AT.1,21588T,100.00
AT.1,22206G,90.83
AT.1,22296C,97.50
AT.1,23012A,92.50
AT.1,23403G,98.33
AT.1,23900A,97.50
AT.1,24370T,92.50
AT.1,25675A,95.83
AT.1,26568A,95.00
AT.1,28079T,94.17
AT.1,28271G,100.00
AT.1,28881A,100.00
AT.1,28882A,100.00
AT.1,28883C,100.00
C.36.3,241T,99.67
C.36.3,569A,99.56
C.36.3,2841T,95.79
C.36.3,3037T,97.67
C.36.3,4002T,99.78
C.36.3,5180A,97.12
C.36.3,7124T,98.67
C.36.3,9203A,98.89
C.36.3,9929A,99.78
C.36.3,10097A,97.23
C.36.3,11325T,98.56
C.36.3,11337C,99.78
C.36.3,12534T,98.78
C.36.3,13536T,98.23
C.36.3,14408T,99.67
C.36.3,16549T,99.56
C.36.3,17766T,99.33
C.36.3,21597T,96.78
C.36.3,22016A,98.23
C.36.3,22600C,98.89
C.36.3,22917G,99.33
C.36.3,23403G,99.67
C.36.3,23593T,99.89
C.36.3,23731T,100.00
C.36.3,24257T,99.89
C.36.3,26767C,98.23
C.36.3,27882T,97.56
C.36.3,28881A,100.00
C.36.3,28882A,100.00
C.36.3,28883C,100.00
C.36.3,28908T,98.45
R.1,241T,99.12
R.1,3037T,100.00
R.1,14340T,99.30
R.1,14408T,99.65
R.1,17551A,100.00
R.1,18877T,99.47
R.1,19167G,98.77
R.1,19274A,99.30
R.1,19839C,99.65
R.1,22017T,99.30
R.1,23012A,100.00
R.1,23403G,99.82
R.1,23868T,99.82
R.1,26604C,99.47
R.1,27213T,98.95
R.1,28833T,99.82
R.1,28881A,99.82
R.1,28882A,100.00
R.1,28883C,100.00
R.1,29527T,99.65
R.2,241T,100.00
R.2,3037T,100.00
R.2,3411T,100.00
R.2,3871T,98.70
R.2,5040G,98.70
R.2,12519G,97.40
R.2,14408T,100.00
R.2,15240T,100.00
R.2,19839C,100.00
R.2,21757T,100.00
R.2,23403G,100.00
R.2,23593C,100.00
R.2,23756T,98.70
R.2,28881A,100.00
R.2,28882A,100.00
R.2,28883C,100.00
R.2,29751T,94.81